"Var1","Var2","aov_eta"
"PVLog","clinical_M",0.00243577388139539
"PVLog","clinical_N",0.0493131438841156
"PVLog","clinical_T",0.0118939993283024
"PVLog","clinical_stage",0.0230948296679282
"PVLog","icd_10",0.0706510832719732
"PVLog","icd_o_3_histology",0.00456567513576873
"PVLog","icd_o_3_site",0.0706510832719732
"PVLog","tissue_source_site",0.777163253161153
"PVLog","treatment_outcome_first_course",0.00562136639466314
"PVLog","tobacco_smoking_year_stopped",0.210698884761095
"PVLog","tobacco_smoking_year_started",0.184563991452794
"PVLog","ajcc_tumor_pathologic_pt",0.0468938460431431
"PVLog","ajcc_nodes_pathologic_pn",0.0205669181116433
"PVLog","ajcc_metastasis_pathologic_pm",0.00136143772708223
"PVLog","stage",0.00952631770426992
"PVLog","extracapsular_spread_pathologic",0.00951847621148747
"PVLog","tumor_grade",0.00261050705036644
"PVLog","ajcc_staging_edition",0.004082669943483
"PVLog","race",0.0150255322389307
"PVLog","history_other_malignancy",0.0220766560364655
"PVLog","initial_pathologic_dx_year",0.157480672772295
"PVLog","lymph_node_dissection_method",0.0100369535337912
"PVLog","lymph_node_dissection_method_1",0.0231060092329943
"PVLog","histologic_diagnosis",0.000605343537857087
"PVLog","anatomic_organ_subdivision",0.0349108173787845
"PVLog","laterality",0.00669776541635809
"state","clinical_M",0.00510519557366334
"state","clinical_N",0.0465715904861665
"state","clinical_T",0.0100985500523815
"state","clinical_stage",0.0264502898256467
"state","icd_10",0.0599900998884184
"state","icd_o_3_histology",0.00646547523966379
"state","icd_o_3_site",0.0599900998884184
"state","tissue_source_site",0.756530709681825
"state","treatment_outcome_first_course",0.00560296083067736
"state","tobacco_smoking_year_stopped",0.258483032866257
"state","tobacco_smoking_year_started",0.170866745125654
"state","ajcc_tumor_pathologic_pt",0.0333162447589995
"state","ajcc_nodes_pathologic_pn",0.0203788606784991
"state","ajcc_metastasis_pathologic_pm",0.00644215139081586
"state","stage",0.0127996062979317
"state","extracapsular_spread_pathologic",0.00153002843080415
"state","tumor_grade",0.00302295644003653
"state","ajcc_staging_edition",0.00839100585572917
"state","race",0.0101824541473983
"state","history_other_malignancy",0.0113846543096098
"state","initial_pathologic_dx_year",0.20559525518377
"state","lymph_node_dissection_method",0.00421071944063093
"state","lymph_node_dissection_method_1",0.0192046173308032
"state","histologic_diagnosis",0.00123861783322183
"state","anatomic_organ_subdivision",0.0339325980793926
"state","laterality",0.00713290294732597
"b_memory","clinical_M",0.00286781501508152
"b_memory","clinical_N",0.0144720283652699
"b_memory","clinical_T",0.0148561463540246
"b_memory","clinical_stage",0.0169601361165842
"b_memory","icd_10",0.0381443417424435
"b_memory","icd_o_3_histology",0.00204040525497424
"b_memory","icd_o_3_site",0.0381443417424435
"b_memory","tissue_source_site",0.0870005163203779
"b_memory","treatment_outcome_first_course",0.0251124922719601
"b_memory","tobacco_smoking_year_stopped",0.251781954312369
"b_memory","tobacco_smoking_year_started",0.28076086662337
"b_memory","ajcc_tumor_pathologic_pt",0.019252992872423
"b_memory","ajcc_nodes_pathologic_pn",0.0226223972025866
"b_memory","ajcc_metastasis_pathologic_pm",0.0045799856932671
"b_memory","stage",0.00436969458154585
"b_memory","extracapsular_spread_pathologic",0.0111490897293018
"b_memory","tumor_grade",0.00145714841730866
"b_memory","ajcc_staging_edition",0.00338642097780804
"b_memory","race",0.00766393819517472
"b_memory","history_other_malignancy",0.00247223376501034
"b_memory","initial_pathologic_dx_year",0.0475509748151556
"b_memory","lymph_node_dissection_method",0.00288507535527083
"b_memory","lymph_node_dissection_method_1",0.00895427631172535
"b_memory","histologic_diagnosis",0.00144321565084048
"b_memory","anatomic_organ_subdivision",0.0149901276149159
"b_memory","laterality",0.00250086447450621
"b_naive","clinical_M",0.000628601927925646
"b_naive","clinical_N",0.00407553556275065
"b_naive","clinical_T",0.0124647018113872
"b_naive","clinical_stage",0.00948331858132265
"b_naive","icd_10",0.019835628925985
"b_naive","icd_o_3_histology",0.0256872254845401
"b_naive","icd_o_3_site",0.019835628925985
"b_naive","tissue_source_site",0.0905595195305961
"b_naive","treatment_outcome_first_course",0.00172186966839342
"b_naive","tobacco_smoking_year_stopped",0.22730894778601
"b_naive","tobacco_smoking_year_started",0.221065598811452
"b_naive","ajcc_tumor_pathologic_pt",0.00445380842336595
"b_naive","ajcc_nodes_pathologic_pn",0.0853758361293262
"b_naive","ajcc_metastasis_pathologic_pm",0.00495483305881011
"b_naive","stage",0.00627100269254462
"b_naive","extracapsular_spread_pathologic",0.0197566420797726
"b_naive","tumor_grade",0.00240149551210554
"b_naive","ajcc_staging_edition",0.000408286875064896
"b_naive","race",0.0563436515609069
"b_naive","history_other_malignancy",0.00072028642494575
"b_naive","initial_pathologic_dx_year",0.0140263171695527
"b_naive","lymph_node_dissection_method",0.0108816770415646
"b_naive","lymph_node_dissection_method_1",0.0154066250919054
"b_naive","histologic_diagnosis",0.000263175729649419
"b_naive","anatomic_organ_subdivision",0.0176149818957748
"b_naive","laterality",0.00142714684080205
"dendritic_myeloid_immature","clinical_M",0.000279918347375463
"dendritic_myeloid_immature","clinical_N",0.020222054498092
"dendritic_myeloid_immature","clinical_T",0.00590562097067679
"dendritic_myeloid_immature","clinical_stage",0.00554795651010955
"dendritic_myeloid_immature","icd_10",0.118488387497958
"dendritic_myeloid_immature","icd_o_3_histology",0.0235396757889895
"dendritic_myeloid_immature","icd_o_3_site",0.118488387497958
"dendritic_myeloid_immature","tissue_source_site",0.0696052896216601
"dendritic_myeloid_immature","treatment_outcome_first_course",0.0154663861393081
"dendritic_myeloid_immature","tobacco_smoking_year_stopped",0.237201642851964
"dendritic_myeloid_immature","tobacco_smoking_year_started",0.170013341379073
"dendritic_myeloid_immature","ajcc_tumor_pathologic_pt",0.00829088164538265
"dendritic_myeloid_immature","ajcc_nodes_pathologic_pn",0.012184041584709
"dendritic_myeloid_immature","ajcc_metastasis_pathologic_pm",0.00908269595508391
"dendritic_myeloid_immature","stage",0.0108688524322583
"dendritic_myeloid_immature","extracapsular_spread_pathologic",0.000374744499059945
"dendritic_myeloid_immature","tumor_grade",0.0120743247588926
"dendritic_myeloid_immature","ajcc_staging_edition",0.00314894871034054
"dendritic_myeloid_immature","race",0.00280850190624043
"dendritic_myeloid_immature","history_other_malignancy",0.00923472544012234
"dendritic_myeloid_immature","initial_pathologic_dx_year",0.0382143716223651
"dendritic_myeloid_immature","lymph_node_dissection_method",0.00691612676474703
"dendritic_myeloid_immature","lymph_node_dissection_method_1",0.00304328970659606
"dendritic_myeloid_immature","histologic_diagnosis",0.021229022268695
"dendritic_myeloid_immature","anatomic_organ_subdivision",0.0303415520239756
"dendritic_myeloid_immature","laterality",0.0110556375263933
"dendritic_myeloid_mature","clinical_M",0.00436511387498605
"dendritic_myeloid_mature","clinical_N",0.0219432555360377
"dendritic_myeloid_mature","clinical_T",0.0106799096222706
"dendritic_myeloid_mature","clinical_stage",0.0207709871483913
"dendritic_myeloid_mature","icd_10",0.020824150160005
"dendritic_myeloid_mature","icd_o_3_histology",0.00795143662603127
"dendritic_myeloid_mature","icd_o_3_site",0.020824150160005
"dendritic_myeloid_mature","tissue_source_site",0.0411393046936875
"dendritic_myeloid_mature","treatment_outcome_first_course",0.00751970012833552
"dendritic_myeloid_mature","tobacco_smoking_year_stopped",0.276544357323322
"dendritic_myeloid_mature","tobacco_smoking_year_started",0.227278488716656
"dendritic_myeloid_mature","ajcc_tumor_pathologic_pt",0.00959438870774656
"dendritic_myeloid_mature","ajcc_nodes_pathologic_pn",0.00559940648876024
"dendritic_myeloid_mature","ajcc_metastasis_pathologic_pm",0.00202098351727344
"dendritic_myeloid_mature","stage",0.0012188596140318
"dendritic_myeloid_mature","extracapsular_spread_pathologic",0.00429076327040328
"dendritic_myeloid_mature","tumor_grade",0.0046683290408609
"dendritic_myeloid_mature","ajcc_staging_edition",0.00110802969327646
"dendritic_myeloid_mature","race",0.00878706832953773
"dendritic_myeloid_mature","history_other_malignancy",0.00468210277004193
"dendritic_myeloid_mature","initial_pathologic_dx_year",0.0484068181161125
"dendritic_myeloid_mature","lymph_node_dissection_method",0.00081816059708223
"dendritic_myeloid_mature","lymph_node_dissection_method_1",0.00508424117676377
"dendritic_myeloid_mature","histologic_diagnosis",0.00254487228370802
"dendritic_myeloid_mature","anatomic_organ_subdivision",0.0118543079529164
"dendritic_myeloid_mature","laterality",0.00784091606707735
"endothelial","clinical_M",0.00387785835325553
"endothelial","clinical_N",0.0216553556903984
"endothelial","clinical_T",0.0169433158269928
"endothelial","clinical_stage",0.0265698053870808
"endothelial","icd_10",0.0447366694074166
"endothelial","icd_o_3_histology",0.0157032066875814
"endothelial","icd_o_3_site",0.0447366694074166
"endothelial","tissue_source_site",0.0886906801507379
"endothelial","treatment_outcome_first_course",0.00317352248267174
"endothelial","tobacco_smoking_year_stopped",0.33051962958316
"endothelial","tobacco_smoking_year_started",0.232749085455643
"endothelial","ajcc_tumor_pathologic_pt",0.019106021310781
"endothelial","ajcc_nodes_pathologic_pn",0.0142667055305928
"endothelial","ajcc_metastasis_pathologic_pm",0.00866353829767276
"endothelial","stage",0.00517521886503886
"endothelial","extracapsular_spread_pathologic",0.00586760247383932
"endothelial","tumor_grade",0.0142854033660537
"endothelial","ajcc_staging_edition",0.0074090729649827
"endothelial","race",0.00209988462193357
"endothelial","history_other_malignancy",0.00471945549437196
"endothelial","initial_pathologic_dx_year",0.0350538849554734
"endothelial","lymph_node_dissection_method",0.0128473011890854
"endothelial","lymph_node_dissection_method_1",0.00268417500013858
"endothelial","histologic_diagnosis",0.000555187664898112
"endothelial","anatomic_organ_subdivision",0.0303355260000823
"endothelial","laterality",0.00496063516326773
"eosinophil","clinical_M",NA
"eosinophil","clinical_N",NA
"eosinophil","clinical_T",NA
"eosinophil","clinical_stage",NA
"eosinophil","icd_10",NA
"eosinophil","icd_o_3_histology",NA
"eosinophil","icd_o_3_site",NA
"eosinophil","tissue_source_site",NA
"eosinophil","treatment_outcome_first_course",NA
"eosinophil","tobacco_smoking_year_stopped",NA
"eosinophil","tobacco_smoking_year_started",NA
"eosinophil","ajcc_tumor_pathologic_pt",NA
"eosinophil","ajcc_nodes_pathologic_pn",NA
"eosinophil","ajcc_metastasis_pathologic_pm",NA
"eosinophil","stage",NA
"eosinophil","extracapsular_spread_pathologic",NA
"eosinophil","tumor_grade",NA
"eosinophil","ajcc_staging_edition",NA
"eosinophil","race",NA
"eosinophil","history_other_malignancy",NA
"eosinophil","initial_pathologic_dx_year",NA
"eosinophil","lymph_node_dissection_method",NA
"eosinophil","lymph_node_dissection_method_1",NA
"eosinophil","histologic_diagnosis",NA
"eosinophil","anatomic_organ_subdivision",NA
"eosinophil","laterality",NA
"epithelial","clinical_M",0.00951855903294054
"epithelial","clinical_N",0.0169142321256354
"epithelial","clinical_T",0.0190384925739197
"epithelial","clinical_stage",0.0237075560801215
"epithelial","icd_10",0.0505723429588294
"epithelial","icd_o_3_histology",0.00822574627205453
"epithelial","icd_o_3_site",0.0505723429588294
"epithelial","tissue_source_site",0.0898831305714522
"epithelial","treatment_outcome_first_course",0.00763796235478966
"epithelial","tobacco_smoking_year_stopped",0.219113181063577
"epithelial","tobacco_smoking_year_started",0.22077969605222
"epithelial","ajcc_tumor_pathologic_pt",0.0168281143551116
"epithelial","ajcc_nodes_pathologic_pn",0.0105811428036731
"epithelial","ajcc_metastasis_pathologic_pm",0.0259943708460449
"epithelial","stage",0.020611112066682
"epithelial","extracapsular_spread_pathologic",0.00960146692368966
"epithelial","tumor_grade",0.00466208606107418
"epithelial","ajcc_staging_edition",0.00190055534064874
"epithelial","race",0.00482007603654455
"epithelial","history_other_malignancy",0.000160555607190649
"epithelial","initial_pathologic_dx_year",0.054627764300538
"epithelial","lymph_node_dissection_method",0.00149915829282792
"epithelial","lymph_node_dissection_method_1",0.0262861331190764
"epithelial","histologic_diagnosis",0.000816552143764103
"epithelial","anatomic_organ_subdivision",0.01306968685993
"epithelial","laterality",0.00959192561577829
"fibroblast","clinical_M",0.0232339434526467
"fibroblast","clinical_N",0.00902577914819266
"fibroblast","clinical_T",0.0091075711748485
"fibroblast","clinical_stage",0.0241828296908995
"fibroblast","icd_10",0.0513013384676847
"fibroblast","icd_o_3_histology",0.00410420593473938
"fibroblast","icd_o_3_site",0.0513013384676847
"fibroblast","tissue_source_site",0.101711905880937
"fibroblast","treatment_outcome_first_course",0.0069887956520007
"fibroblast","tobacco_smoking_year_stopped",0.194197107367689
"fibroblast","tobacco_smoking_year_started",0.17323930838579
"fibroblast","ajcc_tumor_pathologic_pt",0.00715246209213893
"fibroblast","ajcc_nodes_pathologic_pn",0.0152350990881466
"fibroblast","ajcc_metastasis_pathologic_pm",0.0976918550578525
"fibroblast","stage",0.0617831319596025
"fibroblast","extracapsular_spread_pathologic",0.000886602586248618
"fibroblast","tumor_grade",0.00608594405281252
"fibroblast","ajcc_staging_edition",0.000899373450049907
"fibroblast","race",0.00103420225254314
"fibroblast","history_other_malignancy",0.00184553648714412
"fibroblast","initial_pathologic_dx_year",0.0381661581759309
"fibroblast","lymph_node_dissection_method",0.00785338204442186
"fibroblast","lymph_node_dissection_method_1",0.00860964233636915
"fibroblast","histologic_diagnosis",0.00161844542328107
"fibroblast","anatomic_organ_subdivision",0.0285174630015817
"fibroblast","laterality",0.00522126378451409
"macrophage_M1","clinical_M",0.00792444850354877
"macrophage_M1","clinical_N",0.00928880096044361
"macrophage_M1","clinical_T",0.0184142594420725
"macrophage_M1","clinical_stage",0.0153266957982173
"macrophage_M1","icd_10",0.0456383122333115
"macrophage_M1","icd_o_3_histology",0.0204950087017534
"macrophage_M1","icd_o_3_site",0.0456383122333115
"macrophage_M1","tissue_source_site",0.096468161676492
"macrophage_M1","treatment_outcome_first_course",0.000659928979800097
"macrophage_M1","tobacco_smoking_year_stopped",0.242760733941402
"macrophage_M1","tobacco_smoking_year_started",0.234933484749902
"macrophage_M1","ajcc_tumor_pathologic_pt",0.0170404945375817
"macrophage_M1","ajcc_nodes_pathologic_pn",0.0219474161333305
"macrophage_M1","ajcc_metastasis_pathologic_pm",0.0222594387085694
"macrophage_M1","stage",0.0198860164339968
"macrophage_M1","extracapsular_spread_pathologic",0.0171595527451534
"macrophage_M1","tumor_grade",0.00880785985827653
"macrophage_M1","ajcc_staging_edition",0.00234426076198739
"macrophage_M1","race",0.000803211202925355
"macrophage_M1","history_other_malignancy",0.00582052720085069
"macrophage_M1","initial_pathologic_dx_year",0.0312490392262839
"macrophage_M1","lymph_node_dissection_method",0.0209158715965052
"macrophage_M1","lymph_node_dissection_method_1",0.0195971725026397
"macrophage_M1","histologic_diagnosis",0.0230403000861961
"macrophage_M1","anatomic_organ_subdivision",0.0204147176375462
"macrophage_M1","laterality",0.0121057673489213
"macrophage_M2","clinical_M",0.000226888373141182
"macrophage_M2","clinical_N",0.0166984347584025
"macrophage_M2","clinical_T",0.00928825648525041
"macrophage_M2","clinical_stage",0.00396121092626073
"macrophage_M2","icd_10",0.0801992953543289
"macrophage_M2","icd_o_3_histology",0.000733368763578562
"macrophage_M2","icd_o_3_site",0.0801992953543289
"macrophage_M2","tissue_source_site",0.0417277118993327
"macrophage_M2","treatment_outcome_first_course",0.000807171643334674
"macrophage_M2","tobacco_smoking_year_stopped",0.0573770491803281
"macrophage_M2","tobacco_smoking_year_started",0.163636363636365
"macrophage_M2","ajcc_tumor_pathologic_pt",0.0112281330490753
"macrophage_M2","ajcc_nodes_pathologic_pn",0.00803910349128088
"macrophage_M2","ajcc_metastasis_pathologic_pm",0.00108740188728669
"macrophage_M2","stage",0.00197271269552341
"macrophage_M2","extracapsular_spread_pathologic",0.00101867869693802
"macrophage_M2","tumor_grade",0.0041221529952335
"macrophage_M2","ajcc_staging_edition",0.000755087088863054
"macrophage_M2","race",0.000602838364787576
"macrophage_M2","history_other_malignancy",0.122350936872854
"macrophage_M2","initial_pathologic_dx_year",0.0367472738222942
"macrophage_M2","lymph_node_dissection_method",0.00223532671549043
"macrophage_M2","lymph_node_dissection_method_1",0.0162981729065384
"macrophage_M2","histologic_diagnosis",9.49981545098862e-05
"macrophage_M2","anatomic_organ_subdivision",0.112131681209113
"macrophage_M2","laterality",0.00653603539235133
"mast_cell","clinical_M",0.000305431685346697
"mast_cell","clinical_N",0.00653542112728244
"mast_cell","clinical_T",0.0161915220080063
"mast_cell","clinical_stage",0.0075564961635103
"mast_cell","icd_10",0.0154390575656223
"mast_cell","icd_o_3_histology",0.000560906406731151
"mast_cell","icd_o_3_site",0.0154390575656223
"mast_cell","tissue_source_site",0.0291602091022179
"mast_cell","treatment_outcome_first_course",0.00220057605687978
"mast_cell","tobacco_smoking_year_stopped",0.131534371308679
"mast_cell","tobacco_smoking_year_started",0.177755303655846
"mast_cell","ajcc_tumor_pathologic_pt",0.0113370279063044
"mast_cell","ajcc_nodes_pathologic_pn",0.0112410065876536
"mast_cell","ajcc_metastasis_pathologic_pm",0.00710403875996054
"mast_cell","stage",0.0118901286705459
"mast_cell","extracapsular_spread_pathologic",0.00488630768053342
"mast_cell","tumor_grade",0.00286529260954756
"mast_cell","ajcc_staging_edition",0.0383402508198201
"mast_cell","race",0.00453512419178581
"mast_cell","history_other_malignancy",0.000498602814936809
"mast_cell","initial_pathologic_dx_year",0.0960745375132913
"mast_cell","lymph_node_dissection_method",0.00420914159980433
"mast_cell","lymph_node_dissection_method_1",0.00174918972809042
"mast_cell","histologic_diagnosis",6.20840602298455e-05
"mast_cell","anatomic_organ_subdivision",0.0131208223669383
"mast_cell","laterality",0.00463368565331825
"monocyte","clinical_M",0.00090107916939633
"monocyte","clinical_N",0.0595954325222245
"monocyte","clinical_T",0.011520584582823
"monocyte","clinical_stage",0.0344961074408166
"monocyte","icd_10",0.0351339606602604
"monocyte","icd_o_3_histology",0.00212002140845414
"monocyte","icd_o_3_site",0.0351339606602604
"monocyte","tissue_source_site",0.124338163917547
"monocyte","treatment_outcome_first_course",0.00233839922378015
"monocyte","tobacco_smoking_year_stopped",0.111080783266124
"monocyte","tobacco_smoking_year_started",0.170761499322465
"monocyte","ajcc_tumor_pathologic_pt",0.0263043111149728
"monocyte","ajcc_nodes_pathologic_pn",0.0185276951440091
"monocyte","ajcc_metastasis_pathologic_pm",0.00323061298161898
"monocyte","stage",0.0129676937861596
"monocyte","extracapsular_spread_pathologic",0.00910859855803607
"monocyte","tumor_grade",0.00178985962008448
"monocyte","ajcc_staging_edition",0.00262665210643243
"monocyte","race",0.0370660766843565
"monocyte","history_other_malignancy",0.00534289437312929
"monocyte","initial_pathologic_dx_year",0.0684953263086215
"monocyte","lymph_node_dissection_method",0.0127983558142504
"monocyte","lymph_node_dissection_method_1",0.0335744595739295
"monocyte","histologic_diagnosis",0.00194939903861385
"monocyte","anatomic_organ_subdivision",0.018494395313448
"monocyte","laterality",0.0123893858418444
"neutrophil","clinical_M",0.00149316071996501
"neutrophil","clinical_N",0.0213508199568783
"neutrophil","clinical_T",0.0119053767398686
"neutrophil","clinical_stage",0.00618814427454165
"neutrophil","icd_10",0.0528973418977574
"neutrophil","icd_o_3_histology",0.0104522244165317
"neutrophil","icd_o_3_site",0.0528973418977574
"neutrophil","tissue_source_site",0.0622839210799578
"neutrophil","treatment_outcome_first_course",0.0126947720824396
"neutrophil","tobacco_smoking_year_stopped",0.251698438923489
"neutrophil","tobacco_smoking_year_started",0.204448340331068
"neutrophil","ajcc_tumor_pathologic_pt",0.0229771026491391
"neutrophil","ajcc_nodes_pathologic_pn",0.0166768332882826
"neutrophil","ajcc_metastasis_pathologic_pm",0.0118506844240502
"neutrophil","stage",0.00667211332277612
"neutrophil","extracapsular_spread_pathologic",0.000145991891117808
"neutrophil","tumor_grade",0.00711837841259948
"neutrophil","ajcc_staging_edition",0.00086299993052571
"neutrophil","race",0.00412176185770436
"neutrophil","history_other_malignancy",0.00314897426239805
"neutrophil","initial_pathologic_dx_year",0.0378526482883125
"neutrophil","lymph_node_dissection_method",0.0170820858503896
"neutrophil","lymph_node_dissection_method_1",0.0434965058888923
"neutrophil","histologic_diagnosis",0.00527541747132526
"neutrophil","anatomic_organ_subdivision",0.0147974878813848
"neutrophil","laterality",0.00660627477029382
"nk_primed_IL2","clinical_M",0.000381019694984468
"nk_primed_IL2","clinical_N",0.00828584814806082
"nk_primed_IL2","clinical_T",0.00898239992580953
"nk_primed_IL2","clinical_stage",0.0151365838054173
"nk_primed_IL2","icd_10",0.0316947470455794
"nk_primed_IL2","icd_o_3_histology",0.0109148765764233
"nk_primed_IL2","icd_o_3_site",0.0316947470455794
"nk_primed_IL2","tissue_source_site",0.0511739920913708
"nk_primed_IL2","treatment_outcome_first_course",0.022394523319188
"nk_primed_IL2","tobacco_smoking_year_stopped",0.179761812720679
"nk_primed_IL2","tobacco_smoking_year_started",0.19409734687818
"nk_primed_IL2","ajcc_tumor_pathologic_pt",0.0140470957661515
"nk_primed_IL2","ajcc_nodes_pathologic_pn",0.0255228921398731
"nk_primed_IL2","ajcc_metastasis_pathologic_pm",0.00407587150394797
"nk_primed_IL2","stage",0.021229791153078
"nk_primed_IL2","extracapsular_spread_pathologic",0.00471406254369327
"nk_primed_IL2","tumor_grade",0.00373200918483022
"nk_primed_IL2","ajcc_staging_edition",0.00350640527401111
"nk_primed_IL2","race",0.00631416414786869
"nk_primed_IL2","history_other_malignancy",0.00561071317498571
"nk_primed_IL2","initial_pathologic_dx_year",0.0421394891445798
"nk_primed_IL2","lymph_node_dissection_method",0.000953454316475649
"nk_primed_IL2","lymph_node_dissection_method_1",0.00356931048437141
"nk_primed_IL2","histologic_diagnosis",0.00369556393834972
"nk_primed_IL2","anatomic_organ_subdivision",0.00606654015425075
"nk_primed_IL2","laterality",0.00382723498673834
"nk_primed_IL2_PDGFD","clinical_M",0.00593436089783314
"nk_primed_IL2_PDGFD","clinical_N",0.0137686163619018
"nk_primed_IL2_PDGFD","clinical_T",0.00693125972834477
"nk_primed_IL2_PDGFD","clinical_stage",0.0109352649546853
"nk_primed_IL2_PDGFD","icd_10",0.0215135733357769
"nk_primed_IL2_PDGFD","icd_o_3_histology",0.00272369959975233
"nk_primed_IL2_PDGFD","icd_o_3_site",0.0215135733357769
"nk_primed_IL2_PDGFD","tissue_source_site",0.0728838456935597
"nk_primed_IL2_PDGFD","treatment_outcome_first_course",0.023278252312487
"nk_primed_IL2_PDGFD","tobacco_smoking_year_stopped",0.201293245156738
"nk_primed_IL2_PDGFD","tobacco_smoking_year_started",0.163263093714407
"nk_primed_IL2_PDGFD","ajcc_tumor_pathologic_pt",0.0163766677955868
"nk_primed_IL2_PDGFD","ajcc_nodes_pathologic_pn",0.0315162481362656
"nk_primed_IL2_PDGFD","ajcc_metastasis_pathologic_pm",0.00285993334036442
"nk_primed_IL2_PDGFD","stage",0.0071139217559862
"nk_primed_IL2_PDGFD","extracapsular_spread_pathologic",0.00422196708404088
"nk_primed_IL2_PDGFD","tumor_grade",0.00773201243720231
"nk_primed_IL2_PDGFD","ajcc_staging_edition",0.000749106553674543
"nk_primed_IL2_PDGFD","race",0.00535252678144968
"nk_primed_IL2_PDGFD","history_other_malignancy",0.00675685989478401
"nk_primed_IL2_PDGFD","initial_pathologic_dx_year",0.0789586827843757
"nk_primed_IL2_PDGFD","lymph_node_dissection_method",0.00620461492467673
"nk_primed_IL2_PDGFD","lymph_node_dissection_method_1",0.00411046218625389
"nk_primed_IL2_PDGFD","histologic_diagnosis",0.00379202342273127
"nk_primed_IL2_PDGFD","anatomic_organ_subdivision",0.0146763715006466
"nk_primed_IL2_PDGFD","laterality",0.00648835142548525
"nk_resting","clinical_M",0.00476881123292363
"nk_resting","clinical_N",0.0141743574647227
"nk_resting","clinical_T",0.00973159705748538
"nk_resting","clinical_stage",0.00573247985102261
"nk_resting","icd_10",0.0323572974409238
"nk_resting","icd_o_3_histology",0.00970733540649871
"nk_resting","icd_o_3_site",0.0323572974409238
"nk_resting","tissue_source_site",0.0535721403685677
"nk_resting","treatment_outcome_first_course",0.00850316902306741
"nk_resting","tobacco_smoking_year_stopped",0.254338801770539
"nk_resting","tobacco_smoking_year_started",0.176486512991154
"nk_resting","ajcc_tumor_pathologic_pt",0.00888150506881032
"nk_resting","ajcc_nodes_pathologic_pn",0.016323864136839
"nk_resting","ajcc_metastasis_pathologic_pm",0.00144239811638364
"nk_resting","stage",0.00841600401416785
"nk_resting","extracapsular_spread_pathologic",0.00746632304247758
"nk_resting","tumor_grade",0.00606195567965114
"nk_resting","ajcc_staging_edition",0.00669271225120637
"nk_resting","race",0.0040024513601418
"nk_resting","history_other_malignancy",0.00567904447253814
"nk_resting","initial_pathologic_dx_year",0.0226972091394263
"nk_resting","lymph_node_dissection_method",0.015104982764874
"nk_resting","lymph_node_dissection_method_1",0.00389016798780595
"nk_resting","histologic_diagnosis",0.0046227485617693
"nk_resting","anatomic_organ_subdivision",0.00592322866985284
"nk_resting","laterality",0.00218199972705925
"t_CD4_memory_central","clinical_M",0.0114930467137072
"t_CD4_memory_central","clinical_N",0.0250278941130225
"t_CD4_memory_central","clinical_T",0.00842131238134152
"t_CD4_memory_central","clinical_stage",0.0052959271865493
"t_CD4_memory_central","icd_10",0.00362216736419467
"t_CD4_memory_central","icd_o_3_histology",0.000980434632649954
"t_CD4_memory_central","icd_o_3_site",0.00362216736419467
"t_CD4_memory_central","tissue_source_site",0.0409903784781618
"t_CD4_memory_central","treatment_outcome_first_course",0.000903462525979988
"t_CD4_memory_central","tobacco_smoking_year_stopped",NA
"t_CD4_memory_central","tobacco_smoking_year_started",0.155079735109999
"t_CD4_memory_central","ajcc_tumor_pathologic_pt",0.0180282959205475
"t_CD4_memory_central","ajcc_nodes_pathologic_pn",0.0138175866543882
"t_CD4_memory_central","ajcc_metastasis_pathologic_pm",0.00573390641197583
"t_CD4_memory_central","stage",0.00363992460775863
"t_CD4_memory_central","extracapsular_spread_pathologic",0.0707631142258206
"t_CD4_memory_central","tumor_grade",0.00375648724859731
"t_CD4_memory_central","ajcc_staging_edition",0.00157260495328221
"t_CD4_memory_central","race",0.00805052091218503
"t_CD4_memory_central","history_other_malignancy",0.000347592821120413
"t_CD4_memory_central","initial_pathologic_dx_year",0.0698632930156635
"t_CD4_memory_central","lymph_node_dissection_method",0.00969341123636319
"t_CD4_memory_central","lymph_node_dissection_method_1",0.00804537313124331
"t_CD4_memory_central","histologic_diagnosis",0.000127002246816232
"t_CD4_memory_central","anatomic_organ_subdivision",0.00395913559422497
"t_CD4_memory_central","laterality",0.00107549691271755
"t_CD4_memory_effector","clinical_M",0.0083302048793865
"t_CD4_memory_effector","clinical_N",0.0059855977706917
"t_CD4_memory_effector","clinical_T",0.00960613570190783
"t_CD4_memory_effector","clinical_stage",0.00678457092694818
"t_CD4_memory_effector","icd_10",0.0400715859539725
"t_CD4_memory_effector","icd_o_3_histology",0.00677142025525848
"t_CD4_memory_effector","icd_o_3_site",0.0400715859539725
"t_CD4_memory_effector","tissue_source_site",0.0291037763313734
"t_CD4_memory_effector","treatment_outcome_first_course",0.0052992646744454
"t_CD4_memory_effector","tobacco_smoking_year_stopped",0.319671485999051
"t_CD4_memory_effector","tobacco_smoking_year_started",0.26380519751634
"t_CD4_memory_effector","ajcc_tumor_pathologic_pt",0.0103079890867286
"t_CD4_memory_effector","ajcc_nodes_pathologic_pn",0.0183464219220147
"t_CD4_memory_effector","ajcc_metastasis_pathologic_pm",0.00330298889225076
"t_CD4_memory_effector","stage",0.0134708263460713
"t_CD4_memory_effector","extracapsular_spread_pathologic",0.0151790994956329
"t_CD4_memory_effector","tumor_grade",0.0128991607228331
"t_CD4_memory_effector","ajcc_staging_edition",0.000740410694961318
"t_CD4_memory_effector","race",0.00265924261533366
"t_CD4_memory_effector","history_other_malignancy",0.00425117502601799
"t_CD4_memory_effector","initial_pathologic_dx_year",0.0530810683330898
"t_CD4_memory_effector","lymph_node_dissection_method",0.00167420250235792
"t_CD4_memory_effector","lymph_node_dissection_method_1",0.00349347460690261
"t_CD4_memory_effector","histologic_diagnosis",0.00692442016905577
"t_CD4_memory_effector","anatomic_organ_subdivision",0.0185148514420051
"t_CD4_memory_effector","laterality",0.00226735466388509
"t_CD8_memory_central","clinical_M",0.00167253192235836
"t_CD8_memory_central","clinical_N",0.0129643852823213
"t_CD8_memory_central","clinical_T",0.00587448345289768
"t_CD8_memory_central","clinical_stage",0.00996463675998684
"t_CD8_memory_central","icd_10",0.0276887965402681
"t_CD8_memory_central","icd_o_3_histology",0.00266737951630845
"t_CD8_memory_central","icd_o_3_site",0.0276887965402681
"t_CD8_memory_central","tissue_source_site",0.0635422902299974
"t_CD8_memory_central","treatment_outcome_first_course",0.0017847107263669
"t_CD8_memory_central","tobacco_smoking_year_stopped",0.290126272597221
"t_CD8_memory_central","tobacco_smoking_year_started",0.212200708507752
"t_CD8_memory_central","ajcc_tumor_pathologic_pt",0.0235222537743007
"t_CD8_memory_central","ajcc_nodes_pathologic_pn",0.0088691446461971
"t_CD8_memory_central","ajcc_metastasis_pathologic_pm",0.00285400999240521
"t_CD8_memory_central","stage",0.00522577120984299
"t_CD8_memory_central","extracapsular_spread_pathologic",0.00101353812605226
"t_CD8_memory_central","tumor_grade",0.0132129393903543
"t_CD8_memory_central","ajcc_staging_edition",0.00718860717328041
"t_CD8_memory_central","race",0.00700296932062607
"t_CD8_memory_central","history_other_malignancy",0.00655265275059999
"t_CD8_memory_central","initial_pathologic_dx_year",0.0516015888288455
"t_CD8_memory_central","lymph_node_dissection_method",0.00347092754042139
"t_CD8_memory_central","lymph_node_dissection_method_1",0.000957762844740364
"t_CD8_memory_central","histologic_diagnosis",0.0015870013102642
"t_CD8_memory_central","anatomic_organ_subdivision",0.0170462290130373
"t_CD8_memory_central","laterality",0.0109696685809875
"t_CD8_memory_effector","clinical_M",0.00800562528242796
"t_CD8_memory_effector","clinical_N",0.0189839736360921
"t_CD8_memory_effector","clinical_T",0.0146824976765947
"t_CD8_memory_effector","clinical_stage",0.0279274804240822
"t_CD8_memory_effector","icd_10",0.0423612270192894
"t_CD8_memory_effector","icd_o_3_histology",0.00337147821679617
"t_CD8_memory_effector","icd_o_3_site",0.0423612270192894
"t_CD8_memory_effector","tissue_source_site",0.0519271751821009
"t_CD8_memory_effector","treatment_outcome_first_course",0.00761014743152547
"t_CD8_memory_effector","tobacco_smoking_year_stopped",0.350052226218663
"t_CD8_memory_effector","tobacco_smoking_year_started",0.195958717508686
"t_CD8_memory_effector","ajcc_tumor_pathologic_pt",0.0177629825064852
"t_CD8_memory_effector","ajcc_nodes_pathologic_pn",0.0183077989386483
"t_CD8_memory_effector","ajcc_metastasis_pathologic_pm",0.00797700121820218
"t_CD8_memory_effector","stage",0.00664387329050521
"t_CD8_memory_effector","extracapsular_spread_pathologic",0.00510692177332759
"t_CD8_memory_effector","tumor_grade",0.00570610200387872
"t_CD8_memory_effector","ajcc_staging_edition",0.00830227676340692
"t_CD8_memory_effector","race",0.00762271985369782
"t_CD8_memory_effector","history_other_malignancy",0.00143691722002485
"t_CD8_memory_effector","initial_pathologic_dx_year",0.0457836097797846
"t_CD8_memory_effector","lymph_node_dissection_method",0.00231409499317215
"t_CD8_memory_effector","lymph_node_dissection_method_1",0.00288031780721902
"t_CD8_memory_effector","histologic_diagnosis",0.00190836646359911
"t_CD8_memory_effector","anatomic_organ_subdivision",0.0316167080224394
"t_CD8_memory_effector","laterality",0.00214352613406415
"t_CD8_naive","clinical_M",0.00854537947515126
"t_CD8_naive","clinical_N",0.00661708812165833
"t_CD8_naive","clinical_T",0.00636759719063388
"t_CD8_naive","clinical_stage",0.0109952806818055
"t_CD8_naive","icd_10",0.0461703884207298
"t_CD8_naive","icd_o_3_histology",0.00509042880164625
"t_CD8_naive","icd_o_3_site",0.0461703884207298
"t_CD8_naive","tissue_source_site",0.0543794152457713
"t_CD8_naive","treatment_outcome_first_course",0.00279262627982079
"t_CD8_naive","tobacco_smoking_year_stopped",0.285509578572651
"t_CD8_naive","tobacco_smoking_year_started",0.266465461124073
"t_CD8_naive","ajcc_tumor_pathologic_pt",0.00807336139900566
"t_CD8_naive","ajcc_nodes_pathologic_pn",0.01268632831948
"t_CD8_naive","ajcc_metastasis_pathologic_pm",0.00616093602850657
"t_CD8_naive","stage",0.0106829234769705
"t_CD8_naive","extracapsular_spread_pathologic",0.00418951361597936
"t_CD8_naive","tumor_grade",0.00911903485127233
"t_CD8_naive","ajcc_staging_edition",0.00475636174251996
"t_CD8_naive","race",0.00530340705562849
"t_CD8_naive","history_other_malignancy",0.000453416761550313
"t_CD8_naive","initial_pathologic_dx_year",0.0621538225116541
"t_CD8_naive","lymph_node_dissection_method",0.00304040892418807
"t_CD8_naive","lymph_node_dissection_method_1",0.00084231134548095
"t_CD8_naive","histologic_diagnosis",0.00404681983871514
"t_CD8_naive","anatomic_organ_subdivision",0.0258128832153635
"t_CD8_naive","laterality",0.00592451722291649
"t_gamma_delta","clinical_M",0.00223855514052649
"t_gamma_delta","clinical_N",0.0532698919675979
"t_gamma_delta","clinical_T",0.00801565691149135
"t_gamma_delta","clinical_stage",0.0189624094928492
"t_gamma_delta","icd_10",0.02951523053781
"t_gamma_delta","icd_o_3_histology",0.0043858168295709
"t_gamma_delta","icd_o_3_site",0.02951523053781
"t_gamma_delta","tissue_source_site",0.0833653665855796
"t_gamma_delta","treatment_outcome_first_course",0.00699062441333795
"t_gamma_delta","tobacco_smoking_year_stopped",0.207204521262004
"t_gamma_delta","tobacco_smoking_year_started",0.22753013936522
"t_gamma_delta","ajcc_tumor_pathologic_pt",0.0397146039042575
"t_gamma_delta","ajcc_nodes_pathologic_pn",0.0155751818309575
"t_gamma_delta","ajcc_metastasis_pathologic_pm",0.00365676505839085
"t_gamma_delta","stage",0.0150327843925442
"t_gamma_delta","extracapsular_spread_pathologic",0.00541313855718861
"t_gamma_delta","tumor_grade",0.00323142774238837
"t_gamma_delta","ajcc_staging_edition",0.0115983949417568
"t_gamma_delta","race",0.0100246632903491
"t_gamma_delta","history_other_malignancy",0.0643832314533293
"t_gamma_delta","initial_pathologic_dx_year",0.0250767757731876
"t_gamma_delta","lymph_node_dissection_method",0.000631619306396676
"t_gamma_delta","lymph_node_dissection_method_1",0.000530746994756316
"t_gamma_delta","histologic_diagnosis",0.00282784245913404
"t_gamma_delta","anatomic_organ_subdivision",0.0224833307898305
"t_gamma_delta","laterality",0.0086422626836823
"t_helper","clinical_M",0.002533064829428
"t_helper","clinical_N",0.0238901429736532
"t_helper","clinical_T",0.0077693788435046
"t_helper","clinical_stage",0.0077752437720085
"t_helper","icd_10",0.0206295566783609
"t_helper","icd_o_3_histology",0.00513969691661228
"t_helper","icd_o_3_site",0.0206295566783609
"t_helper","tissue_source_site",0.0540203037663581
"t_helper","treatment_outcome_first_course",0.0130578524458042
"t_helper","tobacco_smoking_year_stopped",0.258685473647956
"t_helper","tobacco_smoking_year_started",0.214984543935212
"t_helper","ajcc_tumor_pathologic_pt",0.00719907352235748
"t_helper","ajcc_nodes_pathologic_pn",0.0216786150724654
"t_helper","ajcc_metastasis_pathologic_pm",0.00463942579056873
"t_helper","stage",0.00889954769814337
"t_helper","extracapsular_spread_pathologic",0.0175567858813353
"t_helper","tumor_grade",0.00759167007679674
"t_helper","ajcc_staging_edition",0.01418480313864
"t_helper","race",0.00697868435304365
"t_helper","history_other_malignancy",0.00898274586851932
"t_helper","initial_pathologic_dx_year",0.0410888670750798
"t_helper","lymph_node_dissection_method",0.00575307723699007
"t_helper","lymph_node_dissection_method_1",0.0010973489748388
"t_helper","histologic_diagnosis",0.00139636231683039
"t_helper","anatomic_organ_subdivision",0.0121210836429927
"t_helper","laterality",0.0106019347448842
"t_reg","clinical_M",0.00108937657574885
"t_reg","clinical_N",0.00767268808264245
"t_reg","clinical_T",0.00805565109589518
"t_reg","clinical_stage",0.0145925930478638
"t_reg","icd_10",0.0599785874472361
"t_reg","icd_o_3_histology",0.0256497707558963
"t_reg","icd_o_3_site",0.0599785874472361
"t_reg","tissue_source_site",0.242560884003376
"t_reg","treatment_outcome_first_course",0.00287394833159238
"t_reg","tobacco_smoking_year_stopped",0.254756749403073
"t_reg","tobacco_smoking_year_started",0.137712075113414
"t_reg","ajcc_tumor_pathologic_pt",0.00592491488728293
"t_reg","ajcc_nodes_pathologic_pn",0.00639708832731084
"t_reg","ajcc_metastasis_pathologic_pm",0.00145668779416372
"t_reg","stage",0.00217319552213879
"t_reg","extracapsular_spread_pathologic",0.00343377778488416
"t_reg","tumor_grade",0.00602155400929393
"t_reg","ajcc_staging_edition",0.000807917847900898
"t_reg","race",0.00502964156117725
"t_reg","history_other_malignancy",0.00171046864003748
"t_reg","initial_pathologic_dx_year",0.0210157014747643
"t_reg","lymph_node_dissection_method",0.0158118877363134
"t_reg","lymph_node_dissection_method_1",0.0136838712457116
"t_reg","histologic_diagnosis",0.000456047983663977
"t_reg","anatomic_organ_subdivision",0.0139507579987724
"t_reg","laterality",0.00215935290418358
"lymph_nodes_examined_count","clinical_M",0.00316388292351063
"lymph_nodes_examined_count","clinical_N",0.0071036053180357
"lymph_nodes_examined_count","clinical_T",0.00488853183029693
"lymph_nodes_examined_count","clinical_stage",0.00344679340724988
"lymph_nodes_examined_count","icd_10",0.0339150382556099
"lymph_nodes_examined_count","icd_o_3_histology",0.0102114033921929
"lymph_nodes_examined_count","icd_o_3_site",0.0339150382556099
"lymph_nodes_examined_count","tissue_source_site",0.0179985426907972
"lymph_nodes_examined_count","treatment_outcome_first_course",0.0260076592658399
"lymph_nodes_examined_count","tobacco_smoking_year_stopped",0.374926035598424
"lymph_nodes_examined_count","tobacco_smoking_year_started",0.217108809219478
"lymph_nodes_examined_count","ajcc_tumor_pathologic_pt",0.0240564696374518
"lymph_nodes_examined_count","ajcc_nodes_pathologic_pn",0.0180290578697909
"lymph_nodes_examined_count","ajcc_metastasis_pathologic_pm",0.0131474392904319
"lymph_nodes_examined_count","stage",0.0214776732568433
"lymph_nodes_examined_count","extracapsular_spread_pathologic",0.0098301540259914
"lymph_nodes_examined_count","tumor_grade",0.00443978025163921
"lymph_nodes_examined_count","ajcc_staging_edition",0.0105638019194859
"lymph_nodes_examined_count","race",0.0072246195466598
"lymph_nodes_examined_count","history_other_malignancy",0.0111040655038338
"lymph_nodes_examined_count","initial_pathologic_dx_year",0.0889800955119542
"lymph_nodes_examined_count","lymph_node_dissection_method",0.00149592469195163
"lymph_nodes_examined_count","lymph_node_dissection_method_1",0.00728366236240173
"lymph_nodes_examined_count","histologic_diagnosis",0.00191619974957842
"lymph_nodes_examined_count","anatomic_organ_subdivision",0.00605477441806351
"lymph_nodes_examined_count","laterality",0.00881334655299347
"lymph_nodes_examined_he_count","clinical_M",0.000787448740627371
"lymph_nodes_examined_he_count","clinical_N",0.0192337883891537
"lymph_nodes_examined_he_count","clinical_T",0.00664195709257376
"lymph_nodes_examined_he_count","clinical_stage",0.00188954340572274
"lymph_nodes_examined_he_count","icd_10",0.028051339565492
"lymph_nodes_examined_he_count","icd_o_3_histology",0.00389080930606787
"lymph_nodes_examined_he_count","icd_o_3_site",0.028051339565492
"lymph_nodes_examined_he_count","tissue_source_site",0.0675950867490067
"lymph_nodes_examined_he_count","treatment_outcome_first_course",0.00339048172830114
"lymph_nodes_examined_he_count","tobacco_smoking_year_stopped",0.450669384704039
"lymph_nodes_examined_he_count","tobacco_smoking_year_started",0.312504255903887
"lymph_nodes_examined_he_count","ajcc_tumor_pathologic_pt",0.00711111755195201
"lymph_nodes_examined_he_count","ajcc_nodes_pathologic_pn",0.0250748164078443
"lymph_nodes_examined_he_count","ajcc_metastasis_pathologic_pm",0.0324506388519014
"lymph_nodes_examined_he_count","stage",0.00634682607201073
"lymph_nodes_examined_he_count","extracapsular_spread_pathologic",0.00510883507839921
"lymph_nodes_examined_he_count","tumor_grade",0.000903815253171571
"lymph_nodes_examined_he_count","ajcc_staging_edition",0.0118404777645281
"lymph_nodes_examined_he_count","race",0.00687490044663644
"lymph_nodes_examined_he_count","history_other_malignancy",0.0226601737582698
"lymph_nodes_examined_he_count","initial_pathologic_dx_year",0.0392197441490592
"lymph_nodes_examined_he_count","lymph_node_dissection_method",0.00455618135916743
"lymph_nodes_examined_he_count","lymph_node_dissection_method_1",0.00401143099094273
"lymph_nodes_examined_he_count","histologic_diagnosis",0.000217953488619252
"lymph_nodes_examined_he_count","anatomic_organ_subdivision",0.0144134386257933
"lymph_nodes_examined_he_count","laterality",0.00792907741519488
"lymph_nodes_examined_ihc_count","clinical_M",0.0984665466093071
"lymph_nodes_examined_ihc_count","clinical_N",0.0390921952875154
"lymph_nodes_examined_ihc_count","clinical_T",0.00896704956581309
"lymph_nodes_examined_ihc_count","clinical_stage",0.0129753292102836
"lymph_nodes_examined_ihc_count","icd_10",0.193347336591417
"lymph_nodes_examined_ihc_count","icd_o_3_histology",0.0055211678038875
"lymph_nodes_examined_ihc_count","icd_o_3_site",0.193347336591417
"lymph_nodes_examined_ihc_count","tissue_source_site",0.229383301996019
"lymph_nodes_examined_ihc_count","treatment_outcome_first_course",0.00216275659824047
"lymph_nodes_examined_ihc_count","tobacco_smoking_year_stopped",0.182289491997216
"lymph_nodes_examined_ihc_count","tobacco_smoking_year_started",0.342416962805023
"lymph_nodes_examined_ihc_count","ajcc_tumor_pathologic_pt",0.0109858946680698
"lymph_nodes_examined_ihc_count","ajcc_nodes_pathologic_pn",0.0256925727613438
"lymph_nodes_examined_ihc_count","ajcc_metastasis_pathologic_pm",0.00705704159704503
"lymph_nodes_examined_ihc_count","stage",0.0143296614309417
"lymph_nodes_examined_ihc_count","extracapsular_spread_pathologic",0.0324440052700923
"lymph_nodes_examined_ihc_count","tumor_grade",0.0114235615374331
"lymph_nodes_examined_ihc_count","ajcc_staging_edition",0.0073558376904744
"lymph_nodes_examined_ihc_count","race",0.0442131436822828
"lymph_nodes_examined_ihc_count","history_other_malignancy",0.01547732781566
"lymph_nodes_examined_ihc_count","initial_pathologic_dx_year",0.0794871701767659
"lymph_nodes_examined_ihc_count","lymph_node_dissection_method",0.00522142303352242
"lymph_nodes_examined_ihc_count","lymph_node_dissection_method_1",0.0102801281028961
"lymph_nodes_examined_ihc_count","histologic_diagnosis",0.000781437500719397
"lymph_nodes_examined_ihc_count","anatomic_organ_subdivision",0.257863843888786
"lymph_nodes_examined_ihc_count","laterality",0.0139056443705498
"last_contact_days_to","clinical_M",0.00344959314492441
"last_contact_days_to","clinical_N",0.0218029537026756
"last_contact_days_to","clinical_T",0.00851256395261002
"last_contact_days_to","clinical_stage",0.0105189080924604
"last_contact_days_to","icd_10",0.145036557778019
"last_contact_days_to","icd_o_3_histology",0.000960309657387127
"last_contact_days_to","icd_o_3_site",0.145036557778019
"last_contact_days_to","tissue_source_site",0.101776802571306
"last_contact_days_to","treatment_outcome_first_course",0.0180337889865794
"last_contact_days_to","tobacco_smoking_year_stopped",0.3731488315614
"last_contact_days_to","tobacco_smoking_year_started",0.352795935590436
"last_contact_days_to","ajcc_tumor_pathologic_pt",0.0370245080144756
"last_contact_days_to","ajcc_nodes_pathologic_pn",0.00726220898664767
"last_contact_days_to","ajcc_metastasis_pathologic_pm",0.00527577916144304
"last_contact_days_to","stage",0.0183089296918077
"last_contact_days_to","extracapsular_spread_pathologic",0.004743499273033
"last_contact_days_to","tumor_grade",0.00168895348948531
"last_contact_days_to","ajcc_staging_edition",0.00663824556100947
"last_contact_days_to","race",0.00126499952242535
"last_contact_days_to","history_other_malignancy",0.0178502332927359
"last_contact_days_to","initial_pathologic_dx_year",0.0827310424323945
"last_contact_days_to","lymph_node_dissection_method",0.000541904774137612
"last_contact_days_to","lymph_node_dissection_method_1",0.00689107862212669
"last_contact_days_to","histologic_diagnosis",0.00119038044699556
"last_contact_days_to","anatomic_organ_subdivision",0.011859720348255
"last_contact_days_to","laterality",0.00871545851876871
"days_to_death","clinical_M",0.00972114146259901
"days_to_death","clinical_N",0.0231310146352262
"days_to_death","clinical_T",0.038431937060089
"days_to_death","clinical_stage",0.0241607848106915
"days_to_death","icd_10",0.148872460339832
"days_to_death","icd_o_3_histology",0.00876980389003694
"days_to_death","icd_o_3_site",0.148872460339832
"days_to_death","tissue_source_site",0.060579705459145
"days_to_death","treatment_outcome_first_course",0.011554698824374
"days_to_death","tobacco_smoking_year_stopped",0.575697006225555
"days_to_death","tobacco_smoking_year_started",0.349614327224081
"days_to_death","ajcc_tumor_pathologic_pt",0.0409967650427081
"days_to_death","ajcc_nodes_pathologic_pn",0.0592630857258037
"days_to_death","ajcc_metastasis_pathologic_pm",0.00227546310621206
"days_to_death","stage",0.0264615221360143
"days_to_death","extracapsular_spread_pathologic",0.00867612078705187
"days_to_death","tumor_grade",0.00754244759618315
"days_to_death","ajcc_staging_edition",0.0109748318069435
"days_to_death","race",0.0210727220474534
"days_to_death","history_other_malignancy",0.00192086892863899
"days_to_death","initial_pathologic_dx_year",0.0459420239691525
"days_to_death","lymph_node_dissection_method",0.00715099028343309
"days_to_death","lymph_node_dissection_method_1",0.00821515132950768
"days_to_death","histologic_diagnosis",0.00684354354319646
"days_to_death","anatomic_organ_subdivision",0.120471559355636
"days_to_death","laterality",0.0113967312694785
"tobacco_smoking_history_indicator","clinical_M",0.00603611575014577
"tobacco_smoking_history_indicator","clinical_N",0.0223170849381816
"tobacco_smoking_history_indicator","clinical_T",0.0179654690665729
"tobacco_smoking_history_indicator","clinical_stage",0.00520098126760302
"tobacco_smoking_history_indicator","icd_10",0.0438217168452939
"tobacco_smoking_history_indicator","icd_o_3_histology",0.0107799512105621
"tobacco_smoking_history_indicator","icd_o_3_site",0.0438217168452939
"tobacco_smoking_history_indicator","tissue_source_site",0.0351515152490505
"tobacco_smoking_history_indicator","treatment_outcome_first_course",0.0178837591612215
"tobacco_smoking_history_indicator","tobacco_smoking_year_stopped",0.284132361772114
"tobacco_smoking_history_indicator","tobacco_smoking_year_started",0.273595564031796
"tobacco_smoking_history_indicator","ajcc_tumor_pathologic_pt",0.00518982063924111
"tobacco_smoking_history_indicator","ajcc_nodes_pathologic_pn",0.00992913107499373
"tobacco_smoking_history_indicator","ajcc_metastasis_pathologic_pm",0.0201062922901313
"tobacco_smoking_history_indicator","stage",0.00885325912982089
"tobacco_smoking_history_indicator","extracapsular_spread_pathologic",0.00151568215085979
"tobacco_smoking_history_indicator","tumor_grade",0.020019226726861
"tobacco_smoking_history_indicator","ajcc_staging_edition",0.00376829804341187
"tobacco_smoking_history_indicator","race",0.00385920743852908
"tobacco_smoking_history_indicator","history_other_malignancy",0.00320475560276889
"tobacco_smoking_history_indicator","initial_pathologic_dx_year",0.0306859002662574
"tobacco_smoking_history_indicator","lymph_node_dissection_method",0.00593141063668427
"tobacco_smoking_history_indicator","lymph_node_dissection_method_1",0.0196726638099264
"tobacco_smoking_history_indicator","histologic_diagnosis",0.0100069771739739
"tobacco_smoking_history_indicator","anatomic_organ_subdivision",0.0157005573330075
"tobacco_smoking_history_indicator","laterality",0.000878852747376273
"tobacco_smoking_pack_years_smoked","clinical_M",0.00273371598902582
"tobacco_smoking_pack_years_smoked","clinical_N",0.0237093052042678
"tobacco_smoking_pack_years_smoked","clinical_T",0.0112769217306758
"tobacco_smoking_pack_years_smoked","clinical_stage",0.0212311324082151
"tobacco_smoking_pack_years_smoked","icd_10",0.0519333069492244
"tobacco_smoking_pack_years_smoked","icd_o_3_histology",0.0143602123527534
"tobacco_smoking_pack_years_smoked","icd_o_3_site",0.0519333069492244
"tobacco_smoking_pack_years_smoked","tissue_source_site",0.0686314865906052
"tobacco_smoking_pack_years_smoked","treatment_outcome_first_course",0.000340534657794196
"tobacco_smoking_pack_years_smoked","tobacco_smoking_year_stopped",0.187395321344262
"tobacco_smoking_pack_years_smoked","tobacco_smoking_year_started",0.496929245456913
"tobacco_smoking_pack_years_smoked","ajcc_tumor_pathologic_pt",0.0264923026922391
"tobacco_smoking_pack_years_smoked","ajcc_nodes_pathologic_pn",0.0224463746430723
"tobacco_smoking_pack_years_smoked","ajcc_metastasis_pathologic_pm",0.000173395991070317
"tobacco_smoking_pack_years_smoked","stage",0.0233670702027464
"tobacco_smoking_pack_years_smoked","extracapsular_spread_pathologic",0.00403449084404557
"tobacco_smoking_pack_years_smoked","tumor_grade",0.0230140645545813
"tobacco_smoking_pack_years_smoked","ajcc_staging_edition",0.0111561605519906
"tobacco_smoking_pack_years_smoked","race",0.00340784808040417
"tobacco_smoking_pack_years_smoked","history_other_malignancy",0.00539672037908472
"tobacco_smoking_pack_years_smoked","initial_pathologic_dx_year",0.136810441535644
"tobacco_smoking_pack_years_smoked","lymph_node_dissection_method",0.000537167510174958
"tobacco_smoking_pack_years_smoked","lymph_node_dissection_method_1",0.00692538688087906
"tobacco_smoking_pack_years_smoked","histologic_diagnosis",0.00664365828015715
"tobacco_smoking_pack_years_smoked","anatomic_organ_subdivision",0.0450131201615838
"tobacco_smoking_pack_years_smoked","laterality",0.0182585008722516
"alcohol_consumption_frequency","clinical_M",0.0269357040479765
"alcohol_consumption_frequency","clinical_N",0.0469768504420791
"alcohol_consumption_frequency","clinical_T",0.0366213470289388
"alcohol_consumption_frequency","clinical_stage",0.0412250110631522
"alcohol_consumption_frequency","icd_10",0.0873965810306955
"alcohol_consumption_frequency","icd_o_3_histology",0.0158679591634918
"alcohol_consumption_frequency","icd_o_3_site",0.0873965810306955
"alcohol_consumption_frequency","tissue_source_site",0.0931714053105609
"alcohol_consumption_frequency","treatment_outcome_first_course",0.0555794380916899
"alcohol_consumption_frequency","tobacco_smoking_year_stopped",0.485950692333671
"alcohol_consumption_frequency","tobacco_smoking_year_started",0.491432408893926
"alcohol_consumption_frequency","ajcc_tumor_pathologic_pt",0.0656894805551643
"alcohol_consumption_frequency","ajcc_nodes_pathologic_pn",0.0344339573913005
"alcohol_consumption_frequency","ajcc_metastasis_pathologic_pm",0.0364134885809874
"alcohol_consumption_frequency","stage",0.0397295354755766
"alcohol_consumption_frequency","extracapsular_spread_pathologic",0.0309983952976625
"alcohol_consumption_frequency","tumor_grade",0.0248358988187601
"alcohol_consumption_frequency","ajcc_staging_edition",0.0109301807395208
"alcohol_consumption_frequency","race",0.0128386030943705
"alcohol_consumption_frequency","history_other_malignancy",0.0171361372085864
"alcohol_consumption_frequency","initial_pathologic_dx_year",0.0603278794933788
"alcohol_consumption_frequency","lymph_node_dissection_method",0.0341760103722213
"alcohol_consumption_frequency","lymph_node_dissection_method_1",0.0164872201152186
"alcohol_consumption_frequency","histologic_diagnosis",0.0128296140346558
"alcohol_consumption_frequency","anatomic_organ_subdivision",0.074783665476979
"alcohol_consumption_frequency","laterality",0.00925610583029258
"alcohol_consumption_per_day","clinical_M",0.0117880632297229
"alcohol_consumption_per_day","clinical_N",0.0825042950575947
"alcohol_consumption_per_day","clinical_T",0.0169148996585237
"alcohol_consumption_per_day","clinical_stage",0.00621937723571788
"alcohol_consumption_per_day","icd_10",0.110419736793991
"alcohol_consumption_per_day","icd_o_3_histology",0.00779462288523165
"alcohol_consumption_per_day","icd_o_3_site",0.110419736793991
"alcohol_consumption_per_day","tissue_source_site",0.169491854366504
"alcohol_consumption_per_day","treatment_outcome_first_course",0.00591443855033585
"alcohol_consumption_per_day","tobacco_smoking_year_stopped",0.505590962592943
"alcohol_consumption_per_day","tobacco_smoking_year_started",0.664869961728343
"alcohol_consumption_per_day","ajcc_tumor_pathologic_pt",0.0258444633264739
"alcohol_consumption_per_day","ajcc_nodes_pathologic_pn",0.0267127806478811
"alcohol_consumption_per_day","ajcc_metastasis_pathologic_pm",0.00643725038732461
"alcohol_consumption_per_day","stage",0.0201657482544847
"alcohol_consumption_per_day","extracapsular_spread_pathologic",0.00271818846247577
"alcohol_consumption_per_day","tumor_grade",0.0847920747479301
"alcohol_consumption_per_day","ajcc_staging_edition",0.00271932921993063
"alcohol_consumption_per_day","race",0.0108029680549252
"alcohol_consumption_per_day","history_other_malignancy",0.00803037941055138
"alcohol_consumption_per_day","initial_pathologic_dx_year",0.0676008536308887
"alcohol_consumption_per_day","lymph_node_dissection_method",0.0586706493250424
"alcohol_consumption_per_day","lymph_node_dissection_method_1",0.00713324343746439
"alcohol_consumption_per_day","histologic_diagnosis",0.00291620235327834
"alcohol_consumption_per_day","anatomic_organ_subdivision",0.0845052577072955
"alcohol_consumption_per_day","laterality",0.0136488265377193
"age_at_initial_pathologic_diagnosis","clinical_M",0.00440896818880958
"age_at_initial_pathologic_diagnosis","clinical_N",0.018450470421951
"age_at_initial_pathologic_diagnosis","clinical_T",0.0104812706404305
"age_at_initial_pathologic_diagnosis","clinical_stage",0.0223651223115997
"age_at_initial_pathologic_diagnosis","icd_10",0.05535996521523
"age_at_initial_pathologic_diagnosis","icd_o_3_histology",0.00460706165513286
"age_at_initial_pathologic_diagnosis","icd_o_3_site",0.05535996521523
"age_at_initial_pathologic_diagnosis","tissue_source_site",0.0717760039409886
"age_at_initial_pathologic_diagnosis","treatment_outcome_first_course",0.0168416604959546
"age_at_initial_pathologic_diagnosis","tobacco_smoking_year_stopped",0.304966887835912
"age_at_initial_pathologic_diagnosis","tobacco_smoking_year_started",0.18806256078016
"age_at_initial_pathologic_diagnosis","ajcc_tumor_pathologic_pt",0.0207091790848742
"age_at_initial_pathologic_diagnosis","ajcc_nodes_pathologic_pn",0.0226632640393411
"age_at_initial_pathologic_diagnosis","ajcc_metastasis_pathologic_pm",0.0280030403904383
"age_at_initial_pathologic_diagnosis","stage",0.0121121081547128
"age_at_initial_pathologic_diagnosis","extracapsular_spread_pathologic",0.0142170661077216
"age_at_initial_pathologic_diagnosis","tumor_grade",0.00371982729425482
"age_at_initial_pathologic_diagnosis","ajcc_staging_edition",0.00313046105058253
"age_at_initial_pathologic_diagnosis","race",0.00364956302243866
"age_at_initial_pathologic_diagnosis","history_other_malignancy",0.00704561497839739
"age_at_initial_pathologic_diagnosis","initial_pathologic_dx_year",0.028161191889306
"age_at_initial_pathologic_diagnosis","lymph_node_dissection_method",0.00074668121045004
"age_at_initial_pathologic_diagnosis","lymph_node_dissection_method_1",0.00247814007879264
"age_at_initial_pathologic_diagnosis","histologic_diagnosis",0.00347033345352431
"age_at_initial_pathologic_diagnosis","anatomic_organ_subdivision",0.0192688716803293
"age_at_initial_pathologic_diagnosis","laterality",0.00571122138198459
"radiation_treatment_adjuvant","clinical_M",0.00722145578767565
"radiation_treatment_adjuvant","clinical_N",0.019655614031577
"radiation_treatment_adjuvant","clinical_T",0.0108921268077648
"radiation_treatment_adjuvant","clinical_stage",0.00584086509193403
"radiation_treatment_adjuvant","icd_10",0.0827017227145575
"radiation_treatment_adjuvant","icd_o_3_histology",0.0193653277158877
"radiation_treatment_adjuvant","icd_o_3_site",0.0827017227145575
"radiation_treatment_adjuvant","tissue_source_site",0.13886568311957
"radiation_treatment_adjuvant","treatment_outcome_first_course",0.098480896117845
"radiation_treatment_adjuvant","tobacco_smoking_year_stopped",0.50700354609929
"radiation_treatment_adjuvant","tobacco_smoking_year_started",0.404460501724183
"radiation_treatment_adjuvant","ajcc_tumor_pathologic_pt",0.0179420800275627
"radiation_treatment_adjuvant","ajcc_nodes_pathologic_pn",0.0169879601011494
"radiation_treatment_adjuvant","ajcc_metastasis_pathologic_pm",0.000305350171214204
"radiation_treatment_adjuvant","stage",0.007012400919964
"radiation_treatment_adjuvant","extracapsular_spread_pathologic",0.00382331131414414
"radiation_treatment_adjuvant","tumor_grade",0.012082892761505
"radiation_treatment_adjuvant","ajcc_staging_edition",0.000741269675573808
"radiation_treatment_adjuvant","race",0.000460440454254183
"radiation_treatment_adjuvant","history_other_malignancy",0.0332580737032725
"radiation_treatment_adjuvant","initial_pathologic_dx_year",0.0512571158284548
"radiation_treatment_adjuvant","lymph_node_dissection_method",0.0110320208560324
"radiation_treatment_adjuvant","lymph_node_dissection_method_1",0.00219298245614036
"radiation_treatment_adjuvant","histologic_diagnosis",0.0113288141888756
"radiation_treatment_adjuvant","anatomic_organ_subdivision",0.0584714599008888
"radiation_treatment_adjuvant","laterality",0.0149234600454113
"pharmaceutical_tx_adjuvant","clinical_M",0.0105428360619688
"pharmaceutical_tx_adjuvant","clinical_N",0.0185581474138769
"pharmaceutical_tx_adjuvant","clinical_T",0.0248931507512744
"pharmaceutical_tx_adjuvant","clinical_stage",0.0194281128867135
"pharmaceutical_tx_adjuvant","icd_10",0.0757915609667546
"pharmaceutical_tx_adjuvant","icd_o_3_histology",0.0026718667906767
"pharmaceutical_tx_adjuvant","icd_o_3_site",0.0757915609667546
"pharmaceutical_tx_adjuvant","tissue_source_site",0.146944442024703
"pharmaceutical_tx_adjuvant","treatment_outcome_first_course",0.0307944606413994
"pharmaceutical_tx_adjuvant","tobacco_smoking_year_stopped",0.364370748299319
"pharmaceutical_tx_adjuvant","tobacco_smoking_year_started",0.486951977760801
"pharmaceutical_tx_adjuvant","ajcc_tumor_pathologic_pt",0.0272047256974766
"pharmaceutical_tx_adjuvant","ajcc_nodes_pathologic_pn",0.0340516220468659
"pharmaceutical_tx_adjuvant","ajcc_metastasis_pathologic_pm",0.0104025548627893
"pharmaceutical_tx_adjuvant","stage",0.0399499775423413
"pharmaceutical_tx_adjuvant","extracapsular_spread_pathologic",0.042947652490948
"pharmaceutical_tx_adjuvant","tumor_grade",0.0255680915302719
"pharmaceutical_tx_adjuvant","ajcc_staging_edition",0.00514732713008579
"pharmaceutical_tx_adjuvant","race",0.00387866963953923
"pharmaceutical_tx_adjuvant","history_other_malignancy",0.0123273447309959
"pharmaceutical_tx_adjuvant","initial_pathologic_dx_year",0.156125238863443
"pharmaceutical_tx_adjuvant","lymph_node_dissection_method",0.0067521632778986
"pharmaceutical_tx_adjuvant","lymph_node_dissection_method_1",0.00415962136829346
"pharmaceutical_tx_adjuvant","histologic_diagnosis",0.00104171553678945
"pharmaceutical_tx_adjuvant","anatomic_organ_subdivision",0.0553237449622715
"pharmaceutical_tx_adjuvant","laterality",0.0165223665223665
"new_tumor_event_dx_indicator","clinical_M",0.0172523338752033
"new_tumor_event_dx_indicator","clinical_N",0.0280045455452909
"new_tumor_event_dx_indicator","clinical_T",0.0312873945383862
"new_tumor_event_dx_indicator","clinical_stage",0.00664782861084935
"new_tumor_event_dx_indicator","icd_10",0.0477731772766849
"new_tumor_event_dx_indicator","icd_o_3_histology",0.02359119342815
"new_tumor_event_dx_indicator","icd_o_3_site",0.0477731772766849
"new_tumor_event_dx_indicator","tissue_source_site",0.169936029285827
"new_tumor_event_dx_indicator","treatment_outcome_first_course",0.169747899159664
"new_tumor_event_dx_indicator","tobacco_smoking_year_stopped",0.439471818504077
"new_tumor_event_dx_indicator","tobacco_smoking_year_started",0.479074074074074
"new_tumor_event_dx_indicator","ajcc_tumor_pathologic_pt",0.0238441102275104
"new_tumor_event_dx_indicator","ajcc_nodes_pathologic_pn",0.0170614784103369
"new_tumor_event_dx_indicator","ajcc_metastasis_pathologic_pm",0.00289069303153812
"new_tumor_event_dx_indicator","stage",0.00018149124608621
"new_tumor_event_dx_indicator","extracapsular_spread_pathologic",0.00435681034079146
"new_tumor_event_dx_indicator","tumor_grade",0.0149209317671237
"new_tumor_event_dx_indicator","ajcc_staging_edition",0.0109390027222194
"new_tumor_event_dx_indicator","race",0.00568953278852619
"new_tumor_event_dx_indicator","history_other_malignancy",0.00735051985051972
"new_tumor_event_dx_indicator","initial_pathologic_dx_year",0.049283353754507
"new_tumor_event_dx_indicator","lymph_node_dissection_method",0.0350685498711815
"new_tumor_event_dx_indicator","lymph_node_dissection_method_1",0.0155644502034994
"new_tumor_event_dx_indicator","histologic_diagnosis",1.94769579796428e-07
"new_tumor_event_dx_indicator","anatomic_organ_subdivision",0.0431400865354766
"new_tumor_event_dx_indicator","laterality",0.0237929011318674
"alcohol_history_documented","clinical_M",0.0010935988714468
"alcohol_history_documented","clinical_N",0.0165554657820805
"alcohol_history_documented","clinical_T",0.00652217421743208
"alcohol_history_documented","clinical_stage",0.0114913590290336
"alcohol_history_documented","icd_10",0.0413752083138274
"alcohol_history_documented","icd_o_3_histology",0.00996768495930426
"alcohol_history_documented","icd_o_3_site",0.0413752083138274
"alcohol_history_documented","tissue_source_site",0.0466325533662452
"alcohol_history_documented","treatment_outcome_first_course",0.0160721125366666
"alcohol_history_documented","tobacco_smoking_year_stopped",0.244770812479146
"alcohol_history_documented","tobacco_smoking_year_started",0.211139828738513
"alcohol_history_documented","ajcc_tumor_pathologic_pt",0.0188661214341592
"alcohol_history_documented","ajcc_nodes_pathologic_pn",0.00767436817683919
"alcohol_history_documented","ajcc_metastasis_pathologic_pm",0.0053202534225929
"alcohol_history_documented","stage",0.00501182643114134
"alcohol_history_documented","extracapsular_spread_pathologic",0.003109429475893
"alcohol_history_documented","tumor_grade",0.016034114264959
"alcohol_history_documented","ajcc_staging_edition",0.00352209147452654
"alcohol_history_documented","race",0.00625095325249743
"alcohol_history_documented","history_other_malignancy",0.00416895658559208
"alcohol_history_documented","initial_pathologic_dx_year",0.0519204458998722
"alcohol_history_documented","lymph_node_dissection_method",0.00917466178384414
"alcohol_history_documented","lymph_node_dissection_method_1",0.00366385593188861
"alcohol_history_documented","histologic_diagnosis",0.00402769696547878
"alcohol_history_documented","anatomic_organ_subdivision",0.0220237114496248
"alcohol_history_documented","laterality",0.00977659290855774
"lymphovascular_invasion","clinical_M",0.0128197414231394
"lymphovascular_invasion","clinical_N",0.0244241075309707
"lymphovascular_invasion","clinical_T",0.00733472591315739
"lymphovascular_invasion","clinical_stage",0.00506570503912832
"lymphovascular_invasion","icd_10",0.0398179265490212
"lymphovascular_invasion","icd_o_3_histology",0.0208292383292385
"lymphovascular_invasion","icd_o_3_site",0.0398179265490212
"lymphovascular_invasion","tissue_source_site",0.10383928781656
"lymphovascular_invasion","treatment_outcome_first_course",0.0266067634054317
"lymphovascular_invasion","tobacco_smoking_year_stopped",0.311082535995428
"lymphovascular_invasion","tobacco_smoking_year_started",0.332059375000001
"lymphovascular_invasion","ajcc_tumor_pathologic_pt",0.00781827649681154
"lymphovascular_invasion","ajcc_nodes_pathologic_pn",0.0081759102870025
"lymphovascular_invasion","ajcc_metastasis_pathologic_pm",0.00875361191584657
"lymphovascular_invasion","stage",0.00768993788004397
"lymphovascular_invasion","extracapsular_spread_pathologic",0.00855502547101166
"lymphovascular_invasion","tumor_grade",0.00838011599319098
"lymphovascular_invasion","ajcc_staging_edition",0.00573017408123767
"lymphovascular_invasion","race",0.00460076341437594
"lymphovascular_invasion","history_other_malignancy",0.00624048471117285
"lymphovascular_invasion","initial_pathologic_dx_year",0.0344016296980721
"lymphovascular_invasion","lymph_node_dissection_method",0.0103760265982938
"lymphovascular_invasion","lymph_node_dissection_method_1",0.0242001656758115
"lymphovascular_invasion","histologic_diagnosis",0.0175546341208994
"lymphovascular_invasion","anatomic_organ_subdivision",0.0192364590261663
"lymphovascular_invasion","laterality",0.00168604651162787
"perineural_invasion","clinical_M",0.00525214519526978
"perineural_invasion","clinical_N",0.0364316450404136
"perineural_invasion","clinical_T",0.00964090302598517
"perineural_invasion","clinical_stage",0.0152661464517843
"perineural_invasion","icd_10",0.0416779617792846
"perineural_invasion","icd_o_3_histology",0.0150947804954911
"perineural_invasion","icd_o_3_site",0.0416779617792846
"perineural_invasion","tissue_source_site",0.115307136359781
"perineural_invasion","treatment_outcome_first_course",0.0208168120539254
"perineural_invasion","tobacco_smoking_year_stopped",0.450497121925694
"perineural_invasion","tobacco_smoking_year_started",0.244972823035286
"perineural_invasion","ajcc_tumor_pathologic_pt",0.0174515150017538
"perineural_invasion","ajcc_nodes_pathologic_pn",0.0145029929461872
"perineural_invasion","ajcc_metastasis_pathologic_pm",0.00715219072397142
"perineural_invasion","stage",0.00735983838866172
"perineural_invasion","extracapsular_spread_pathologic",3.9544426894311e-05
"perineural_invasion","tumor_grade",0.0111086562663548
"perineural_invasion","ajcc_staging_edition",0.00336408268097052
"perineural_invasion","race",0.00535440989685959
"perineural_invasion","history_other_malignancy",0.00552566933602932
"perineural_invasion","initial_pathologic_dx_year",0.0439684963598141
"perineural_invasion","lymph_node_dissection_method",0.0429318355653144
"perineural_invasion","lymph_node_dissection_method_1",0.0231323341113165
"perineural_invasion","histologic_diagnosis",0.00737292802956289
"perineural_invasion","anatomic_organ_subdivision",0.0324545511093675
"perineural_invasion","laterality",0.000109968885662053
"hpv_status_p16","clinical_M",0.0266864343958487
"hpv_status_p16","clinical_N",0.100139631652614
"hpv_status_p16","clinical_T",0.0558822977382727
"hpv_status_p16","clinical_stage",0.0494294707849689
"hpv_status_p16","icd_10",0.0593538647342995
"hpv_status_p16","icd_o_3_histology",0.0216524216524218
"hpv_status_p16","icd_o_3_site",0.0593538647342995
"hpv_status_p16","tissue_source_site",0.627993827160493
"hpv_status_p16","treatment_outcome_first_course",8.21730109605221e-33
"hpv_status_p16","tobacco_smoking_year_stopped",0.636153846153846
"hpv_status_p16","tobacco_smoking_year_started",0.466898148148149
"hpv_status_p16","ajcc_tumor_pathologic_pt",0.104421370363399
"hpv_status_p16","ajcc_nodes_pathologic_pn",0.0621576651835332
"hpv_status_p16","ajcc_metastasis_pathologic_pm",0.0246059207996926
"hpv_status_p16","stage",0.033223352063932
"hpv_status_p16","extracapsular_spread_pathologic",0.00280531246687768
"hpv_status_p16","tumor_grade",0.0156134765168277
"hpv_status_p16","ajcc_staging_edition",0.00105685901500739
"hpv_status_p16","race",0.0179189485213578
"hpv_status_p16","history_other_malignancy",0.0206635802469136
"hpv_status_p16","initial_pathologic_dx_year",0.322831289081289
"hpv_status_p16","lymph_node_dissection_method",0.0023881042556764
"hpv_status_p16","lymph_node_dissection_method_1",0.0164550264550264
"hpv_status_p16","histologic_diagnosis",0.00809483726150394
"hpv_status_p16","anatomic_organ_subdivision",0.0787675264550265
"hpv_status_p16","laterality",0.00374183170805277
"hpv_status_ish","clinical_M",0.0190304487179489
"hpv_status_ish","clinical_N",0.104132401315789
"hpv_status_ish","clinical_T",0.0591068905589072
"hpv_status_ish","clinical_stage",0.0311823363393822
"hpv_status_ish","icd_10",0.148462242253361
"hpv_status_ish","icd_o_3_histology",0.0226037097953215
"hpv_status_ish","icd_o_3_site",0.148462242253361
"hpv_status_ish","tissue_source_site",0.754276315789474
"hpv_status_ish","treatment_outcome_first_course",0.0375939849624059
"hpv_status_ish","tobacco_smoking_year_stopped",0.714285714285714
"hpv_status_ish","tobacco_smoking_year_started",0.458064516129032
"hpv_status_ish","ajcc_tumor_pathologic_pt",0.0434800165982961
"hpv_status_ish","ajcc_nodes_pathologic_pn",0.0759106988075998
"hpv_status_ish","ajcc_metastasis_pathologic_pm",0.0170138888888891
"hpv_status_ish","stage",0.0390274149735881
"hpv_status_ish","extracapsular_spread_pathologic",0.00847069597069605
"hpv_status_ish","tumor_grade",0.0249674337820234
"hpv_status_ish","ajcc_staging_edition",0.0128171305456622
"hpv_status_ish","race",0.0364620321418235
"hpv_status_ish","history_other_malignancy",0.0562759305357989
"hpv_status_ish","initial_pathologic_dx_year",0.37702328738513
"hpv_status_ish","lymph_node_dissection_method",0.0385185185185187
"hpv_status_ish","lymph_node_dissection_method_1",0.0191387559808612
"hpv_status_ish","histologic_diagnosis",0.0136924342105262
"hpv_status_ish","anatomic_organ_subdivision",0.0683012303176419
"hpv_status_ish","laterality",0.0153711023276239
"tumor_status","clinical_M",0.0193301904230471
"tumor_status","clinical_N",0.02943206414107
"tumor_status","clinical_T",0.0142270161315292
"tumor_status","clinical_stage",0.0222362040494466
"tumor_status","icd_10",0.0443953304365147
"tumor_status","icd_o_3_histology",0.00605126205786402
"tumor_status","icd_o_3_site",0.0443953304365147
"tumor_status","tissue_source_site",0.0457997630191154
"tumor_status","treatment_outcome_first_course",0.0256499164266153
"tumor_status","tobacco_smoking_year_stopped",0.29462453378437
"tumor_status","tobacco_smoking_year_started",0.1665008401927
"tumor_status","ajcc_tumor_pathologic_pt",0.0280410707926594
"tumor_status","ajcc_nodes_pathologic_pn",0.0126606865658041
"tumor_status","ajcc_metastasis_pathologic_pm",0.0104698375533234
"tumor_status","stage",0.0102888341343636
"tumor_status","extracapsular_spread_pathologic",0.00829227057006761
"tumor_status","tumor_grade",0.0126860533617594
"tumor_status","ajcc_staging_edition",0.00856420794270997
"tumor_status","race",0.00180107441117256
"tumor_status","history_other_malignancy",0.00685754320806113
"tumor_status","initial_pathologic_dx_year",0.0428756273283029
"tumor_status","lymph_node_dissection_method",0.00307997016773604
"tumor_status","lymph_node_dissection_method_1",9.09812897568299e-05
"tumor_status","histologic_diagnosis",0.00196396521067282
"tumor_status","anatomic_organ_subdivision",0.0194102751669866
"tumor_status","laterality",0.00775909126354907
"ethnicity","clinical_M",0.00288392213410237
"ethnicity","clinical_N",0.00687108185080447
"ethnicity","clinical_T",0.0192678084967439
"ethnicity","clinical_stage",0.00776998526285494
"ethnicity","icd_10",0.0973759916747175
"ethnicity","icd_o_3_histology",0.00261328560221926
"ethnicity","icd_o_3_site",0.0973759916747175
"ethnicity","tissue_source_site",0.0558583092467947
"ethnicity","treatment_outcome_first_course",0.00461310341040146
"ethnicity","tobacco_smoking_year_stopped",0.316347270615563
"ethnicity","tobacco_smoking_year_started",0.238785267762541
"ethnicity","ajcc_tumor_pathologic_pt",0.010836044166675
"ethnicity","ajcc_nodes_pathologic_pn",0.00485667035574613
"ethnicity","ajcc_metastasis_pathologic_pm",0.00656746623316391
"ethnicity","stage",0.00503448412301966
"ethnicity","extracapsular_spread_pathologic",0.00317730988713499
"ethnicity","tumor_grade",0.00384097043287613
"ethnicity","ajcc_staging_edition",0.0102339601060829
"ethnicity","race",0.00148419421741467
"ethnicity","history_other_malignancy",0.00360334241071897
"ethnicity","initial_pathologic_dx_year",0.0836344920889642
"ethnicity","lymph_node_dissection_method",0.00372519550799738
"ethnicity","lymph_node_dissection_method_1",0.00831243000491422
"ethnicity","histologic_diagnosis",0.0011907597046916
"ethnicity","anatomic_organ_subdivision",0.0378281026465521
"ethnicity","laterality",0.00492926316770874
"history_neoadjuvant_treatment","clinical_M",0.00207805824224793
"history_neoadjuvant_treatment","clinical_N",0.017911523514589
"history_neoadjuvant_treatment","clinical_T",0.0134468870135509
"history_neoadjuvant_treatment","clinical_stage",0.00843934698198135
"history_neoadjuvant_treatment","icd_10",0.0153212742451892
"history_neoadjuvant_treatment","icd_o_3_histology",0.00352957449548548
"history_neoadjuvant_treatment","icd_o_3_site",0.0153212742451892
"history_neoadjuvant_treatment","tissue_source_site",0.0238399500791946
"history_neoadjuvant_treatment","treatment_outcome_first_course",0.000757710821893389
"history_neoadjuvant_treatment","tobacco_smoking_year_stopped",0.227248677248676
"history_neoadjuvant_treatment","tobacco_smoking_year_started",0.164644326866549
"history_neoadjuvant_treatment","ajcc_tumor_pathologic_pt",0.00314742666870653
"history_neoadjuvant_treatment","ajcc_nodes_pathologic_pn",0.00543257527243212
"history_neoadjuvant_treatment","ajcc_metastasis_pathologic_pm",0.00818643955898856
"history_neoadjuvant_treatment","stage",0.00264453856908782
"history_neoadjuvant_treatment","extracapsular_spread_pathologic",0.0018272133446507
"history_neoadjuvant_treatment","tumor_grade",0.00114504097796064
"history_neoadjuvant_treatment","ajcc_staging_edition",0.0100608548070085
"history_neoadjuvant_treatment","race",0.000532030042571631
"history_neoadjuvant_treatment","history_other_malignancy",0.00125133763678414
"history_neoadjuvant_treatment","initial_pathologic_dx_year",0.0483679935567097
"history_neoadjuvant_treatment","lymph_node_dissection_method",0.0151094620480359
"history_neoadjuvant_treatment","lymph_node_dissection_method_1",0.000594966668838078
"history_neoadjuvant_treatment","histologic_diagnosis",0.000457209360322539
"history_neoadjuvant_treatment","anatomic_organ_subdivision",0.00660674525745806
"history_neoadjuvant_treatment","laterality",0.00979032408601616
"lymph_0de_neck_dissection_indicator","clinical_M",0.00635768895028165
"lymph_0de_neck_dissection_indicator","clinical_N",0.0187278349598683
"lymph_0de_neck_dissection_indicator","clinical_T",0.00701677338659136
"lymph_0de_neck_dissection_indicator","clinical_stage",0.0103524057535929
"lymph_0de_neck_dissection_indicator","icd_10",0.0533156513928255
"lymph_0de_neck_dissection_indicator","icd_o_3_histology",0.0103085049533441
"lymph_0de_neck_dissection_indicator","icd_o_3_site",0.0533156513928255
"lymph_0de_neck_dissection_indicator","tissue_source_site",0.0880697717753449
"lymph_0de_neck_dissection_indicator","treatment_outcome_first_course",0.00843515663659537
"lymph_0de_neck_dissection_indicator","tobacco_smoking_year_stopped",0.34592043814771
"lymph_0de_neck_dissection_indicator","tobacco_smoking_year_started",0.199414412908547
"lymph_0de_neck_dissection_indicator","ajcc_tumor_pathologic_pt",0.0146592855749511
"lymph_0de_neck_dissection_indicator","ajcc_nodes_pathologic_pn",0.0212900945336105
"lymph_0de_neck_dissection_indicator","ajcc_metastasis_pathologic_pm",0.00462419465291467
"lymph_0de_neck_dissection_indicator","stage",0.00720370881260398
"lymph_0de_neck_dissection_indicator","extracapsular_spread_pathologic",0.00520435094903183
"lymph_0de_neck_dissection_indicator","tumor_grade",0.00906886603417521
"lymph_0de_neck_dissection_indicator","ajcc_staging_edition",0.00533708273338517
"lymph_0de_neck_dissection_indicator","race",0.0031219580030594
"lymph_0de_neck_dissection_indicator","history_other_malignancy",0.00184775578361279
"lymph_0de_neck_dissection_indicator","initial_pathologic_dx_year",0.0313080270822394
"lymph_0de_neck_dissection_indicator","lymph_node_dissection_method",0.00964983296970184
"lymph_0de_neck_dissection_indicator","lymph_node_dissection_method_1",0.00507604706567538
"lymph_0de_neck_dissection_indicator","histologic_diagnosis",0.000493349975171449
"lymph_0de_neck_dissection_indicator","anatomic_organ_subdivision",0.0263908241669072
"lymph_0de_neck_dissection_indicator","laterality",0.0101000129992527
"lymph_0des_examined","clinical_M",0.00156739811912226
"lymph_0des_examined","clinical_N",0.0131362488079051
"lymph_0des_examined","clinical_T",0.00370141194124992
"lymph_0des_examined","clinical_stage",0.0116457928871716
"lymph_0des_examined","icd_10",0.0849012381559972
"lymph_0des_examined","icd_o_3_histology",0.00942816194924589
"lymph_0des_examined","icd_o_3_site",0.0849012381559972
"lymph_0des_examined","tissue_source_site",0.0808234788608326
"lymph_0des_examined","treatment_outcome_first_course",0.00694444444444456
"lymph_0des_examined","tobacco_smoking_year_stopped",0.38061180413154
"lymph_0des_examined","tobacco_smoking_year_started",0.232499327414581
"lymph_0des_examined","ajcc_tumor_pathologic_pt",0.0233576167180096
"lymph_0des_examined","ajcc_nodes_pathologic_pn",0.00949376399813161
"lymph_0des_examined","ajcc_metastasis_pathologic_pm",0.00275009338386826
"lymph_0des_examined","stage",0.0114028351355239
"lymph_0des_examined","extracapsular_spread_pathologic",0.0174389687036144
"lymph_0des_examined","tumor_grade",0.0047107413319179
"lymph_0des_examined","ajcc_staging_edition",0.00339806204392153
"lymph_0des_examined","race",0.0087985197959764
"lymph_0des_examined","history_other_malignancy",0.00486869711724724
"lymph_0des_examined","initial_pathologic_dx_year",0.0498258413898959
"lymph_0des_examined","lymph_node_dissection_method",0.00207175075067251
"lymph_0des_examined","lymph_node_dissection_method_1",0.000743931623931634
"lymph_0des_examined","histologic_diagnosis",0.00305543141830939
"lymph_0des_examined","anatomic_organ_subdivision",0.032477632210362
"lymph_0des_examined","laterality",0.0107811432932954
"prospective_collection","clinical_M",0.00063075801529287
"prospective_collection","clinical_N",0.0245757653683967
"prospective_collection","clinical_T",0.00439354631663213
"prospective_collection","clinical_stage",0.00924345734135163
"prospective_collection","icd_10",0.0401462461405847
"prospective_collection","icd_o_3_histology",0.00503222563498535
"prospective_collection","icd_o_3_site",0.0401462461405847
"prospective_collection","tissue_source_site",0.0461733127116667
"prospective_collection","treatment_outcome_first_course",0.0429187282215804
"prospective_collection","tobacco_smoking_year_stopped",0.270186287681217
"prospective_collection","tobacco_smoking_year_started",0.183086345857367
"prospective_collection","ajcc_tumor_pathologic_pt",0.0178207581793298
"prospective_collection","ajcc_nodes_pathologic_pn",0.0177829486835758
"prospective_collection","ajcc_metastasis_pathologic_pm",0.0133944834764508
"prospective_collection","stage",0.0109032172261143
"prospective_collection","extracapsular_spread_pathologic",0.000526800704912038
"prospective_collection","tumor_grade",0.00249619199377433
"prospective_collection","ajcc_staging_edition",0.0102256554731966
"prospective_collection","race",0.00685914718238552
"prospective_collection","history_other_malignancy",0.00401442215972285
"prospective_collection","initial_pathologic_dx_year",0.0505749082638359
"prospective_collection","lymph_node_dissection_method",0.00130141430822798
"prospective_collection","lymph_node_dissection_method_1",0.0111235632183909
"prospective_collection","histologic_diagnosis",0.00572226559111812
"prospective_collection","anatomic_organ_subdivision",0.0305241231274724
"prospective_collection","laterality",0.0127138085152241
"retrospective_collection","clinical_M",0.000630758015292748
"retrospective_collection","clinical_N",0.0245757653683976
"retrospective_collection","clinical_T",0.00439354631663212
"retrospective_collection","clinical_stage",0.00924345734135166
"retrospective_collection","icd_10",0.0401462461405846
"retrospective_collection","icd_o_3_histology",0.00503222563498525
"retrospective_collection","icd_o_3_site",0.0401462461405846
"retrospective_collection","tissue_source_site",0.0461733127116658
"retrospective_collection","treatment_outcome_first_course",0.0429187282215803
"retrospective_collection","tobacco_smoking_year_stopped",0.270186287681217
"retrospective_collection","tobacco_smoking_year_started",0.183086345857367
"retrospective_collection","ajcc_tumor_pathologic_pt",0.0178207581793299
"retrospective_collection","ajcc_nodes_pathologic_pn",0.0177829486835756
"retrospective_collection","ajcc_metastasis_pathologic_pm",0.0133944834764508
"retrospective_collection","stage",0.010903217226114
"retrospective_collection","extracapsular_spread_pathologic",0.000526800704912022
"retrospective_collection","tumor_grade",0.00249619199377434
"retrospective_collection","ajcc_staging_edition",0.0102256554731962
"retrospective_collection","race",0.00685914718238553
"retrospective_collection","history_other_malignancy",0.00401442215972275
"retrospective_collection","initial_pathologic_dx_year",0.050574908263836
"retrospective_collection","lymph_node_dissection_method",0.00130141430822801
"retrospective_collection","lymph_node_dissection_method_1",0.0111235632183909
"retrospective_collection","histologic_diagnosis",0.00572226559111827
"retrospective_collection","anatomic_organ_subdivision",0.0305241231274728
"retrospective_collection","laterality",0.0127138085152237
"gender","clinical_M",0.00181851807201899
"gender","clinical_N",0.0339646988329429
"gender","clinical_T",0.0126694390362176
"gender","clinical_stage",0.0249665353435752
"gender","icd_10",0.0279033813307101
"gender","icd_o_3_histology",0.00496248280781376
"gender","icd_o_3_site",0.0279033813307101
"gender","tissue_source_site",0.0430939941854318
"gender","treatment_outcome_first_course",0.026060619033349
"gender","tobacco_smoking_year_stopped",0.297174157766123
"gender","tobacco_smoking_year_started",0.218571440720694
"gender","ajcc_tumor_pathologic_pt",0.0222671917781992
"gender","ajcc_nodes_pathologic_pn",0.0146736809260512
"gender","ajcc_metastasis_pathologic_pm",0.0021659407501638
"gender","stage",0.0407493250551111
"gender","extracapsular_spread_pathologic",0.00576291442499459
"gender","tumor_grade",0.0108497316576659
"gender","ajcc_staging_edition",0.00261452928584498
"gender","race",0.00628770355328652
"gender","history_other_malignancy",0.00385730265130908
"gender","initial_pathologic_dx_year",0.03617426233531
"gender","lymph_node_dissection_method",0.00438908749054473
"gender","lymph_node_dissection_method_1",0.0115032679738559
"gender","histologic_diagnosis",0.000843571328498721
"gender","anatomic_organ_subdivision",0.0208083002587392
"gender","laterality",0.00626365346397555
